Identifier,SMILES,Growth_25uM,bin
MYOS_00196_00_01,Fc1cc(Cl)ccc1C(c1cccnc1)N1CCN(c2cccnc2)CC1,7.0,1
MYOS_00207_00_01,COc1ccc(/C=C/C(=O)N2CCCCC2=O)cc1,57.0,0
MYOS_00070_00_01,CS(=O)(=O)N1CCN(C(c2cccnc2)c2ccc(Cl)cc2F)CC1,78.0,0
MYOS_00135_00_01,COCCN(CCOC)C(c1cccnc1)c1ccc(Cl)cc1F,66.7,0
MYOS_00250_00_01,COc1ccc(/C=C/C(=O)c2cc(OC)c(OC)c(OC)c2)cc1O,60.7,0
MYOS_00227_00_01,COC1=CC(=O)c2ccccc2C1=O,57.5,0
MYOS_00296_00_01,COc1cc(/C=C/C(=O)O)ccc1O,71.6,0
MYOS_00012_00_01,OC(c1ccc(Cl)cc1)(c1cccnc1)c1ccccc1Br,11.4,1
MYOS_00314_00_01,Fc1cc(Cl)ccc1C(c1cccnc1)N1CCN(c2ccccc2C(F)(F)F)CC1,69.8,0
MYOS_00359_00_01,CC1CCC2C(C2(C)C)C12COC(C)(C)OC2,5.9,1
MYOS_00143_00_01,CC(C)(C)OC(=O)N1CC(OC(c2cccnc2)c2ccc(Cl)cc2F)C1,74.2,0
MYOS_00118_00_01,CN(C)S(=O)(=O)c1cccc(N2CCC(N(c3ccc(C#N)cc3)c3cccnc3)CC2)c1,86.3,0
MYOS_00035_00_01,Fc1cc(Cl)ccc1C(c1cccnc1)N1CCN(c2ccccn2)CC1,70.5,0
MYOS_00242_00_01,CC1(C)C2CC[C@]3(C)C(C(=O)C=C4C5C[C@@](C)(C(=O)O)CC[C@]5(C)CC[C@]43C)[C@@]2(C)CC[C@@H]1O,59.9,0
MYOS_00179_00_01,Cc1ccnc(Nc2nc(-c3ccncc3)cs2)c1,51.8,0
MYOS_00073_00_01,Cc1ncsc1C(=O)N1CCN(C(c2cccnc2)c2ccc(Cl)cc2F)CC1,53.5,0
MYOS_00100_00_01,O=C(NC1CCN(C(c2ccc(Cl)cc2)c2cncnc2)CC1)C1CC1,77.3,0
MYOS_00055_00_01,Cc1ncsc1C(=O)N1CCN(C(c2ccc(C#N)cc2)c2cccnc2)CC1,92.1,0
MYOS_00131_00_01,OC(c1ccc(Br)cc1)(c1cccnc1)C1CCCCC1,0.7,1
MYOS_00028_00_01,CCOC(=O)N1CCN(C(c2cccnc2)c2ccc(Cl)cc2F)CC1(C)C,57.8,0
MYOS_00081_00_01,CC(C)CCO/N=C(/Cc1cccnc1)c1ccc(Cl)cc1Cl,52.8,0
MYOS_00007_00_01,OC(c1ccc(C(F)(F)F)cc1)(c1cccnc1)c1ccccc1F,-4.8,1
MYOS_00113_00_01,Fc1cc(Cl)ccc1C(NC1CCN(c2ccc(Cl)cc2)CC1)c1cccnc1,54.8,0
MYOS_00329_00_01,O=C(CC1CCCCC1)Nc1nc2cc(Cl)ccc2o1,72.5,0
MYOS_00402_00_01,O=C(Nc1nc2cc(Cl)ccc2o1)C1CCCCC1,36.5,0
MYOS_00111_00_01,O=C(c1ccc(F)cc1)N1CCC(N(c2ccc(C(F)(F)F)cc2)c2cccnc2)CC1,69.6,0
MYOS_00032_00_01,CCCCC(O)(c1ccc(Cl)cc1)c1cncnc1,-4.8,1
MYOS_00137_00_01,Fc1cc(Cl)ccc1C(c1cccnc1)N1CCC(F)(F)CC1,122.5,0
MYOS_00374_00_01,c1ccc(-c2ccc(C(c3ccccc3)n3ccnc3)cc2)cc1,25.5,0
MYOS_00220_00_01,COc1cc(/C=C/C(=O)CC(=O)/C=C/c2ccc(O)c(OC)c2)ccc1O,76.2,0
MYOS_00139_00_01,O=C1CCN(C(c2cccnc2)c2ccc(Cl)cc2F)CC1,79.2,0
MYOS_00038_00_01,CCN1CCN(C(c2ccc(Cl)cc2)c2cccnc2)CC1,97.3,0
MYOS_00348_00_01,CCC(=O)OC1CC2CC1C1C=CCC21,6.1,1
MYOS_00307_00_01,Cc1ccnc(Nc2nc(-c3ccccc3C)cs2)c1,94.0,0
MYOS_00050_00_01,CC(C)(C)OC(=O)NC1CCN(C(c2ccc(Cl)cc2)c2cncnc2)CC1,82.1,0
MYOS_00249_00_01,N#CC1=C(N)Oc2c(ccc3ccccc23)C1c1cccc([N+](=O)[O-])c1,82.5,0
MYOS_00072_00_01,O=C(N1CCN(C(c2cccnc2)c2ccc(Cl)cc2F)CC1)C(F)(F)F,86.5,0
MYOS_00026_00_01,OC1CCN(C(c2cccnc2)c2ccc(Cl)cc2F)CC1,65.7,0
MYOS_00031_00_02,O=C(OCc1ccccc1)N1CCN(C(c2cccnc2)c2ccc(Cl)cc2F)CC1,26.3,0
MYOS_00010_00_01,O=C(C(c1ccc(Cl)cc1)c1cccnc1)N1CCN(c2ccc(C(F)(F)F)cc2)CC1,0.5,1
MYOS_00385_01_01,Nc1ccc2nc3ccc(N)cc3[s+]c2c1,28.7,0
MYOS_00136_00_01,Fc1cc(Cl)ccc1C(c1cccnc1)N1CCc2ccccc2C1,11.0,1
MYOS_00233_00_01,CC1=C/C(=N\NC(=O)/C=C/c2ccccc2)c2c(O)cccc2C1=O,72.2,0
MYOS_00020_01_01 ,O=C(O)COCCN1CCN(C(c2ccccc2)c2ccc(Cl)cc2)CC1,74.6,0
MYOS_00002_00_01,OC(c1ccc(Cl)cc1)(c1cccnc1)c1ccccc1Cl,-3.1,1
MYOS_00019_00_01,N#Cc1ccc(C(O)(c2ccc(C(F)(F)F)cc2)c2cccnc2)cc1,59.3,0
MYOS_00332_00_01,C[C@H](C(=O)Nc1nc2cc(Cl)ccc2o1)c1ccccc1,4.7,1
MYOS_00008_00_01,N#Cc1ccccc1C(O)(c1ccc(Cl)cc1)c1cccnc1,19.5,1
MYOS_00033_00_01,OCCCN1CCN(C(c2cccnc2)c2ccc(Cl)cc2F)CC1,102.7,0
MYOS_00216_00_01,COc1cc(/C=C/C(=O)N2CCCC2=O)cc(I)c1OC,56.7,0
MYOS_00122_00_01,O=C(C(c1ccc(Cl)cc1)c1cccnc1)N1CCN(c2nccs2)CC1,74.7,0
MYOS_00365_00_01,C=CCc1ccc(OC)cc1,6.0,1
MYOS_00036_00_01,OC(c1ccc(Cl)cc1)(c1cccnc1)c1cncnc1,86.0,0
MYOS_00232_00_01,O=C1C=CC(=O)c2c(O)ccc(O)c21,7.4,1
MYOS_00003_00_02,N#Cc1ccc(C(O)(c2ccc(C(F)(F)F)cc2)c2cccnc2)c(F)c1,8.2,1
MYOS_00171_00_01,OC(Cc1ccccc1)(c1cccnc1)c1ccc(Cl)cc1F,19.4,1
MYOS_00046_00_01,CN(C)C(=O)N1CCC(NC(c2ccc(C(F)(F)F)cc2)c2cnccn2)CC1,85.7,0
MYOS_00380_00_01,O=C1c2ccccc2C(=O)c2c(O)ccc(O)c21,47.5,0
MYOS_00037_00_01,Cn1cccc1C(O)(c1ccc(Cl)cc1)c1ccc(Cl)cc1,45.5,0
MYOS_00461_04_01,CCCCCCCCCCCCCCCC[n+]1ccc(CC/C=C(\C)CCC=C(C)C)cc1,12.2,1
MYOS_00203_00_01,CCOC(=O)C1CCN(C(c2cccnc2)c2ccc(Cl)cc2F)CC1,82.3,0
MYOS_00252_00_01,O=c1c(-c2ccc(O)cc2)coc2cc(O)cc(O)c12,83.4,0
MYOS_00050_00_02,CC(C)(C)OC(=O)NC1CCN(C(c2ccc(Cl)cc2)c2cncnc2)CC1,85.2,0
MYOS_00364_00_01,C=CCc1cccc(OC)c1O,30.3,0
MYOS_00369_00_01,C=CCc1ccc(O)c(-c2cc(CC=C)ccc2O)c1,12.7,1
MYOS_00167_00_01,OC(c1ccccc1)(c1cccnc1)c1ccc(Cl)cc1F,4.9,1
MYOS_00066_00_01,O=C(c1ccc(Cl)cc1)N1CCN(C(=O)C(c2ccc(Cl)cc2)c2cccnc2)CC1,69.6,0
MYOS_00248_00_01,COc1ccc(-c2c(-c3cc(Br)c(OC)c(OC)c3)ncn2C)cc1N,43.1,0
MYOS_00361_00_01,C/C=C/c1cc(C(C)C)ccc1C,5.4,1
MYOS_00021_00_01,OC(c1ccc(Br)cc1)(c1ccc(C(F)(F)F)cc1)c1cccnc1,41.5,0
MYOS_00327_00_01,O=C(Cc1cccnc1)Nc1nc2cc(Cl)ccc2o1,88.9,0
MYOS_00193_00_01,CON=C(Cc1cccnc1)c1ccc(Cl)cc1Cl,5.0,1
MYOS_00169_00_01,CCC(O)(c1ccccc1)c1cccnc1,42.8,0
MYOS_00428_00_01,Cc1ccnc(Nc2nc(-c3cccc([N+](=O)[O-])c3)cs2)c1,91.2,0
MYOS_00102_00_01,CCN(CC)C(=O)N1CCC(NC(c2ccc(OC(C)C)cc2)c2cccnc2)CC1,86.1,0
MYOS_00294_00_01,O=C(O)/C=C/c1ccc(O)c(O)c1,75.7,0
MYOS_00059_00_01,O=C(c1ccccc1)N1CC(NC(c2ccc(C(F)(F)F)cc2)c2cccnc2)C1,71.2,0
MYOS_00335_00_01,O=C(Cc1ccc(Br)cc1)Nc1nc2cc(Br)ccc2o1,5.9,1
MYOS_00224_00_01,COc1cc(/C=C/c2ccc(O)cc2)cc(OC)c1,80.9,0
MYOS_00205_00_01,CC(C)CCNC(c1cccnc1)c1ccc(Cl)cc1F,33.1,0
MYOS_00400_00_01,O=C(Nc1nc2ccc(Cl)cc2o1)C1CCOCC1,64.4,0
MYOS_00231_00_01,O=C1C=CC(=O)c2c(O)cccc21,7.1,1
MYOS_00044_00_01,CC(C)c1ccc(S(=O)(=O)N2CCN(C(c3ccc(Cl)cc3)c3cccnc3)CC2)cc1,68.8,0
MYOS_00123_00_01,O=C(C(c1ccc(Cl)cc1)c1cccnc1)N1CCN(Cc2ccccc2C(F)(F)F)CC1,53.5,0
MYOS_00381_00_01,FC(F)(F)c1ccc(CNc2[nH]nc(-c3ccccn3)c2C2CC2)cc1,47.9,0
MYOS_00426_00_01,Clc1ccc(Nc2nc(-c3ccccn3)cs2)nc1,11.7,1
MYOS_00052_00_01,Cc1cc(C(=O)NC2CCN(C(c3cncnc3)c3ccc(Cl)cc3F)CC2)[nH]n1,83.0,0
MYOS_00403_00_01,O=C(Cc1ccccc1)Nc1nc2cc(Br)ccc2o1,4.0,1
MYOS_00346_00_01,CCOC(=O)C1=C(C)C=CCC1(C)C,7.2,1
MYOS_00170_00_01,OC(Cc1ccccc1)(c1ccc(Br)cc1)c1cccnc1,38.3,0
MYOS_00259_02_01,CC(CCC(=O)O)C1CCC2C3CCC4CC(O)CCC4(C)C3CC(O)C12C,60.8,0
MYOS_00016_00_01,Fc1cc(Cl)ccc1C(c1cccnc1)N1CCCCC1,18.0,1
MYOS_00214_00_01,COc1cc(/C=C/C(=O)N2CCCC2=O)cc(Br)c1OC,65.3,0
MYOS_00061_00_01,FC(F)(F)c1ccc(N(c2cccnc2)C2CCN(c3ccc(C(F)(F)F)cn3)CC2)cc1,46.1,0
MYOS_00448_00_01,OC(c1ccccc1)(c1cccnc1)C1CCCCC1,11.2,1
MYOS_00467_04_01,CCCCCCCCCCCCCCCC[n+]1ccc(/C=C/c2ccc(F)cc2)cc1,27.3,0
MYOS_00115_00_01,FC(F)(F)c1ccc(N(CC2CCN(c3ccc(Cl)cc3)CC2)c2cccnc2)cc1,81.3,0
MYOS_00219_00_01,COc1ccc(C(=O)C2=C3OC(C)(C)[C@@H](CC=C(C)C)C[C@@]34C[C@@H](CC=C(C)C)C(C)(C)[C@@](CC=C(C)C)(C2=O)C4=O)cc1O,66.3,0
MYOS_00372_00_01,C=C[C@@](C)(/C=C/c1ccc(O)cc1)CCC=C(C)C,18.5,1
MYOS_00164_00_01,CCC(O)(c1ccccc1)c1ccccc1,67.7,0
MYOS_00366_00_01,C=CCc1ccc(OC)c(OC)c1,4.3,1
MYOS_00105_00_01,O=C(C1CC1)N1CCN(C(c2cncnc2)c2ccc(Cl)cc2F)CC1,89.3,0
MYOS_00298_00_01,CN1[C@@H]2CC[C@H]1C[C@@H](OC(=O)C(CO)c1ccccc1)C2,66.0,0
MYOS_00114_00_01,N#Cc1ccnc(N2CCC(NC(c3ccc(Cl)cc3)c3cccnc3)CC2)n1,46.7,0
MYOS_00124_00_01,O=C1OC[C@H](c2ccccc2)N1C(=O)C(c1ccc(Cl)cc1)c1cccnc1,88.0,0
MYOS_00057_00_01,Cc1noc(N2CCN(C(c3cncnc3)c3ccc(C(F)(F)F)cc3F)CC2)n1,47.8,0
MYOS_00371_00_01,N#C/C=C/c1ccccc1,6.1,1
MYOS_00024_00_01,Fc1cc(Cl)ccc1C(c1cccnc1)N1CCOCC1,46.8,0
MYOS_00212_00_01,COc1cc(/C=C/C(=O)N2CCCC2=O)cc(Cl)c1OC,55.2,0
MYOS_00223_00_01,O=C1/C(=C/c2ccc(F)cc2F)CN(C(=O)/C=C/c2ccccc2)C/C1=C\c1ccc(F)cc1F,47.5,0
MYOS_00213_00_01,COc1cc(/C=C/C(=O)N2CCCCC2=O)cc(Br)c1OC,50.4,0
MYOS_00194_00_01,CO/N=C(\c1ccc(Cl)cc1)c1cccnc1,71.2,0
MYOS_00317_00_01,FC(F)(F)c1cccc(Nc2nc(-c3ccccn3)cs2)c1,3.7,1
MYOS_00390_00_01,COc1ccccc1CC(=O)Nc1nc2cc(Cl)ccc2o1,27.7,0
MYOS_00142_00_01,Fc1cc(Cl)ccc1C(c1cccnc1)n1cncn1,111.6,0
MYOS_00455_00_01,OC(c1ccccc1)(c1cccnc1)c1ccccc1F,12.3,1
MYOS_00323_00_01,CON=C(Cc1ccccc1)c1ccccc1,66.0,0
MYOS_00125_00_01,CC(C)CN1CCN(C(=O)C(c2ccc(Cl)cc2)c2cccnc2)CC1,70.9,0
MYOS_00099_00_01,O=C(NC(c1ccc(Cl)cc1)c1cccnc1)c1ccc(Cl)cc1,83.7,0
MYOS_00215_00_01,COc1cc(/C=C/C(=O)N2CCCCC2=O)cc(I)c1OC,44.1,0
MYOS_00049_00_01,CC(C)Oc1ccc(C(NC(=O)c2ccc(Cl)cc2)c2cccnc2)cc1,71.7,0
MYOS_00077_00_01,CO/N=C(\Cc1ccccc1C)c1cccnc1,106.0,0
MYOS_00235_00_01,CC(C)(C)OC(=O)N1CCN(C(c2cccnc2)C2C(=O)C(=O)c3ccccc3C2=O)CC1,79.6,0
MYOS_00175_00_01,OC(c1ccc(Cl)cc1)(c1ccc(Br)cc1)c1cccnc1,15.7,1
MYOS_00362_00_01,CC(=O)O[C@@]12CCC[C@@](C)(CCC3C1CC3(C)C)C2,9.7,1
MYOS_00210_00_01,COc1cc(/C=C/C(=O)N2CCCC2=O)cc(OC)c1OC,60.7,0
MYOS_00393_00_01,O=C(Nc1nc2ccc(Br)cc2o1)C1CCCCC1,4.4,1
MYOS_00014_00_01,OC(c1ccc(Cl)cc1)(c1cccnc1)c1cccs1,-4.0,1
MYOS_00085_00_01,O=C(NC(c1ccc(C(F)(F)F)cc1)c1cnccn1)c1ccc(C(F)(F)F)cc1,81.4,0
MYOS_00406_00_01,O=C(Nc1nc2cc(Cl)ccc2o1)C(c1ccccc1)c1ccccc1,59.7,0
MYOS_00048_00_01,O=C(NC1CCCCC1)N1CCC(NC(c2ccc(Cl)cc2)c2cccnc2)CC1,98.8,0
MYOS_00183_00_01,Cc1ccnc(Nc2nc(-c3ccccc3F)cs2)c1,55.4,0
MYOS_00386_01_01,CN(C)c1ccc2nc3ccc(N(C)C)cc3[s+]c2c1,16.8,1
MYOS_00454_00_01,OC(c1ccccc1)(c1cccnc1)C1CCCC1,13.0,1
MYOS_00229_00_01,N#CC1=C(N)OC2=C(C(=O)c3ccccc3C2=O)C1c1cccnc1,68.7,0
MYOS_00397_00_01,O=C(Cc1ccc(Cl)cc1)Nc1nc2cc(Br)ccc2o1,13.9,1
MYOS_00071_00_01,O=C(Oc1ccccc1)N1CCN(C(c2cccnc2)c2ccc(Cl)cc2F)CC1,29.9,0
MYOS_00182_00_01,Cc1ccnc(Nc2nc(-c3ccc(Cl)cc3)cs2)c1,65.7,0
MYOS_00082_00_01,COc1ccccc1N1CCN(C(c2ccc(C(F)(F)F)cc2)c2cnccn2)CC1,85.2,0
MYOS_00151_00_01,CC1(O)CCN(C(c2cccnc2)c2ccc(Cl)cc2F)CC1,77.6,0
MYOS_00341_00_01,C[C@H](C(=O)Nc1nc2cc(Br)ccc2o1)c1ccccc1,4.3,1
MYOS_00199_00_01,Clc1ccc(C(Cc2cccnc2)=NOCC2CC2)c(Cl)c1,4.6,1
MYOS_00350_00_01,CCOC(=O)C1=C(CC)C=CCC1(C)C,4.9,1
MYOS_00404_00_01,COc1cccc(CC(=O)Nc2nc3cc(Cl)ccc3o2)c1,2.6,1
MYOS_00468_04_01,CCCCCCCCCCCCCCCC[n+]1ccc(/C=C/c2ccc(N(C)C)cc2OC)cc1,22.8,0
MYOS_00177_00_01,Cc1ccnc(Nc2nc(-c3cccnc3)cs2)c1,44.3,0
MYOS_00041_00_01,O=S(=O)(Cc1ccccc1)NC(c1ccc(C(F)(F)F)cc1)c1cnccn1,90.5,0
MYOS_00080_00_01,NC(=O)c1cccc(C(O)(c2ccc(Cl)cc2)c2cccnc2)c1,104.6,0
MYOS_00338_00_01,O=C(CC1CCCCC1)Nc1nc2cc(Br)ccc2o1,78.1,0
MYOS_00240_00_01,C=C(C)[C@@H]1CC[C@]2(C/N=C/c3ccc([N+](=O)[O-])o3)CC[C@]3(C)C(CCC4[C@@]5(C)CC[C@H](O)C(C)(C)C5CC[C@]43C)C12,69.9,0
MYOS_00004_00_01,O=C(C(c1ccc(Cl)cc1)c1cccnc1)N1CCN(c2ccc(C(F)(F)F)cc2)CC1,-1.5,1
MYOS_00086_00_01,COc1ccccc1N1CCN(C(c2cncnc2)c2ccc(Cl)cc2F)CC1,83.4,0
MYOS_00347_00_01,CC(C)c1cccc(C(C)CC=O)c1,5.2,1
MYOS_00358_00_01,CC(C)Cc1ccc(CC(C)C=O)cc1,17.5,1
MYOS_00039_00_01,N#CC(CC1CCCCC1)(c1ccc(Cl)cc1)c1cnccn1,57.2,0
MYOS_00145_00_01,CN(c1ccccc1)C(c1cccnc1)c1ccc(Cl)cc1F,8.1,1
MYOS_00087_00_01,CCC(=O)N1CCN(C(c2ccc(Cl)cc2)c2cncnc2)CC1,100.8,0
MYOS_00009_00_01,COC(c1ccc(Cl)cc1)(c1cccnc1)c1ccccc1Br,6.9,1
MYOS_00343_00_01,C=C(CCC=C(C)C)[C@@H]1CC=C(C)CC1,11.1,1
MYOS_00375_00_01,CC(C)(C)C(=O)C(Oc1ccc(Cl)cc1)n1ccnc1,9.4,1
MYOS_00457_00_01,O=C(Nc1ccc(SC(F)(F)F)cc1)c1cc(Cl)ccc1O,14.5,1
MYOS_00200_00_01,CCCCON=C(Cc1cccnc1)c1ccc(Cl)cc1Cl,3.6,1
MYOS_00254_03_01,COC1CC(OC2C(C)C(=O)OC(C)C(C)C(O)C(C)C(=O)C3(CO3)CC(C)C(OC3OC(C)CC(N(C)C)C3O)C2C)OC(C)C1O,69.3,0
MYOS_00228_00_01,CCCCCCCCCCCCCCCCNC(c1ccccn1)C1C(=O)C(=O)c2ccccc2C1=O,65.7,0
MYOS_00336_00_01,CC(C)(C)c1ccc(CC(=O)Nc2nc3cc(Br)ccc3o2)cc1,71.2,0
MYOS_00010_00_02,O=C(C(c1ccc(Cl)cc1)c1cccnc1)N1CCN(c2ccc(C(F)(F)F)cc2)CC1,76.3,0
MYOS_00051_00_01,Cc1cc(C(=O)NC2CCN(C(c3cncnc3)c3ccc(Cl)cc3F)CC2)[nH]n1,81.0,0
MYOS_00262_04_01,C=CC1CN2CCC1CC2C(O)c1ccnc2ccc(OC)cc12,59.4,0
MYOS_00209_00_01,COc1cc(/C=C/C(=O)N2CCCCC2=O)cc(OC)c1OC,46.8,0
MYOS_00333_00_01,O=C(Cc1cccc(Cl)c1)Nc1nc2cc(Br)ccc2o1,4.6,1
MYOS_00078_00_01,CC(=O)N1CCN(C(c2ccc(Cl)cc2)c2cccnc2)CC1,98.7,0
MYOS_00405_00_01,COc1cccc(CC(=O)Nc2nc3cc(Br)ccc3o2)c1,1.1,1
MYOS_00427_00_01,Cc1ccnc(Nc2nc(-c3ccccc3[N+](=O)[O-])cs2)c1,102.5,0
MYOS_00056_00_01,N#Cc1ccc(C(c2cccnc2)N2CCC(NC(=O)c3ccno3)CC2)cc1,86.0,0
MYOS_00134_00_01,O=C(c1ccc(Cl)cc1)c1ccc(Br)cc1,69.0,0
MYOS_00027_00_01,Clc1ccc(C(c2cccnc2)c2ccccc2Br)cc1,28.3,0
MYOS_00360_00_01,C=CCCC(=O)C1=CCCC2(CCCC2)C1,8.2,1
MYOS_00238_00_01,C=C(C)[C@@H]1CC[C@]2(C(=O)O)CC[C@]3(C)C(CCC4[C@@]5(C)CCC(=O)C(C)(C)C5CC[C@]43C)C12,75.8,0
MYOS_00106_00_01,NC(=O)c1cccc(C(O)(c2cccnc2)c2ccc(Cl)cc2F)c1,84.8,0
MYOS_00108_00_01,Cc1ncsc1C(=O)N1CCN(C(c2cccnc2)c2ccc(C(F)(F)F)cc2F)CC1,83.3,0
MYOS_00409_00_01,COc1ccc(/C=C/C(=O)N2CCCCC2=O)cc1Br,64.5,0
MYOS_00340_00_01,O=C(Cc1cccc(C(F)(F)F)c1)Nc1nc2cc(Br)ccc2o1,5.0,1
MYOS_00042_00_01,OC(c1ccc(Cl)cc1)(c1cccnc1)c1cnc(Cl)s1,97.5,0
MYOS_00446_00_01,OC(c1cccnc1)(c1ccc(Br)cc1F)C1CCCCC1,10.8,1
MYOS_00398_00_01,CC(C(=O)Nc1nc2ccc(Cl)cc2o1)c1ccccc1,3.7,1
MYOS_00299_00_01,Cn1c(=O)c2c(ncn2C)n(C)c1=O,66.2,0
MYOS_00126_00_01,N#Cc1ccc(C(C(=O)N2CCN(c3ccc(C(F)(F)F)nc3)CC2)c2cccnc2)cc1,92.9,0
MYOS_00045_00_01,O=S(=O)(c1ccc(C(F)(F)F)cc1)N1CCC(NC(c2cnccn2)c2ccc(F)cc2F)CC1,66.1,0
MYOS_00337_00_01,Cc1cccc(CC(=O)Nc2nc3cc(Br)ccc3o2)c1,7.1,1
MYOS_00211_00_01,COc1cc(/C=C/C(=O)N2CCCCC2=O)cc(Cl)c1OC,58.7,0
MYOS_00144_00_01,Fc1cc(Cl)ccc1C(Nc1ccccc1)c1cccnc1,94.5,0
MYOS_00368_00_01,C#CCOc1ccc(CC=C)cc1OC,26.0,0
MYOS_00001_00_03,CCOC(=O)N1CCN(C(c2cccnc2)c2ccc(Cl)cc2F)CC1,104.0,0
MYOS_00310_00_01,Oc1ccc(CNC(c2cccnc2)c2ccc(Cl)cc2F)cc1,5.4,1
MYOS_00449_00_01,OC(c1cccnc1)(c1ccccc1F)C1CCCCC1,11.1,1
MYOS_00074_00_01,Cc1cc(C(=O)N2CCN(C(c3cccnc3)c3ccc(Cl)cc3F)CC2)no1,27.0,0
MYOS_00176_00_01,Cc1ccnc(Nc2nc(-c3ccccn3)cs2)c1,5.0,1
MYOS_00322_00_01,ON=C(Cc1cccnc1)c1ccc(Cl)cc1Cl,83.0,0
MYOS_00150_00_01,COC1CCN(C(c2cccnc2)c2ccc(Cl)cc2F)CC1,9.7,1
MYOS_00424_00_01,Clc1cccc(Nc2nc(-c3ccccn3)cs2)n1,11.6,1
MYOS_00367_00_01,C=CCOc1ccc(CC=C)cc1OC,11.4,1
MYOS_00204_00_01,Fc1cc(Cl)ccc1C(Nc1ccc2c(c1)OCO2)c1cccnc1,10.5,1
MYOS_00093_00_01,O=C(c1ccc(C(F)(F)F)cc1)N1CCC(NC(c2ccc(C(F)(F)F)cc2)c2cnccn2)CC1,79.5,0
MYOS_00308_00_01,Cc1cccc(-c2csc(Nc3cc(C)ccn3)n2)c1,93.8,0
MYOS_00016_00_01,Fc1cc(Cl)ccc1C(c1cccnc1)N1CCCCC1,78.7,0
MYOS_00401_00_01,O=C(Nc1nc2ccc(Br)cc2o1)C1CCOCC1,74.6,0
MYOS_00112_00_01,FC(F)(F)c1ccc(N2CCC(N(c3ccc(C(F)(F)F)cc3)c3cccnc3)CC2)cc1,86.7,0
MYOS_00356_00_01,CC1=CCCC2(C)C(OC=O)C(C)CCC12C,16.5,1
MYOS_00399_00_01,CC(C(=O)Nc1nc2ccc(Br)cc2o1)c1ccccc1,2.4,1
MYOS_00412_00_01,COc1c(Br)cc(/C=C/C(=O)N2CCCC2=O)cc1Br,66.1,0
MYOS_00066_00_02,O=C(c1ccc(Cl)cc1)N1CCN(C(=O)C(c2ccc(Cl)cc2)c2cccnc2)CC1,85.3,0
MYOS_00464_04_01,CCCCCCCCCCCCCCCC[n+]1ccc(/C=C/c2cc(OC)c(OC)c(OC)c2)cc1,13.3,1
MYOS_00004_00_02,O=C(C(c1ccc(Cl)cc1)c1cccnc1)N1CCN(c2ccc(C(F)(F)F)cc2)CC1,-4.8,1
MYOS_00258_02_01,CC(CCC(=O)O)C1CCC2C3C(O)CC4CC(O)CCC4(C)C3CC(O)C12C,72.7,0
MYOS_00067_00_01,CC(C)C(=O)N1CCN(C(c2cccnc2)c2ccc(Cl)cc2F)CC1,53.4,0
MYOS_00357_00_01,CC1=C(C=O)C(C)(C)CC=C1,6.0,1
MYOS_00407_00_01,COc1ccc(/C=C/C(=O)N2CCCCC2=O)cc1OC,83.5,0
MYOS_00450_00_01,OC(c1cccnc1)(c1ccc(Br)cc1F)C1CCCC1,10.4,1
MYOS_00083_00_01,N#CC(CC1CCCCC1)(c1ccc(Cl)cc1)c1cnccn1,81.4,0
MYOS_00003_00_01,N#Cc1ccc(C(O)(c2ccc(C(F)(F)F)cc2)c2cccnc2)c(F)c1,-2.4,1
MYOS_00370_00_01,C=CCc1ccc(O)c(-c2ccc(O)c(CC=C)c2)c1,19.1,1
MYOS_00410_00_01,COc1ccc(/C=C/C(=O)N2CCCC2=O)cc1Br,76.1,0
MYOS_00174_00_01,OC(c1ccccc1)(c1cccnc1)c1ccc(Br)cc1F,7.8,1
MYOS_00422_00_01,COc1cccc(Nc2nc(-c3ccccn3)cs2)n1,14.6,1
MYOS_00377_00_01,O=C1C=CC(=O)c2ccccc21,7.0,1
MYOS_00246_00_01,Fc1c(F)c(F)c(C(c2c[nH]c3ccccc23)c2c[nH]c3ccccc23)c(F)c1F,10.0,1
MYOS_00017_00_01,NC(c1ccc(Cl)cc1)(c1cccnc1)c1ccccc1Br,6.3,1
MYOS_00355_00_01,CC1COC(C)(c2ccc3c(c2)C(C)(C)CCC3(C)C)O1,7.5,1
MYOS_00421_00_01,FC(F)(F)c1ccnc(Nc2nc(-c3ccccn3)cs2)c1,12.9,1
MYOS_00237_00_01,N#CC1=C(N)Oc2c(oc(CO)cc2=O)C1c1cccnc1,75.6,0
MYOS_00148_00_01,CN(Cc1ccccc1)C(c1cccnc1)c1ccc(Cl)cc1F,6.2,1
MYOS_00031_00_01,O=C(OCc1ccccc1)N1CCN(C(c2cccnc2)c2ccc(Cl)cc2F)CC1,20.3,0
MYOS_00218_00_01,CC(C)=CC[C@H]1C[C@@]23C[C@@H](CC=C(C)C)C(C)(C)[C@@](CC=C(C)C)(C(=O)C(C(=O)c4ccc(O)c(O)c4)=C2OC1(C)C)C3=O,72.9,0
MYOS_00180_00_01,Cc1ccnc(Nc2nc(-c3ccccc3Cl)cs2)c1,73.4,0
MYOS_00058_00_01,O=C(c1ccccc1)N1CCC(NC(c2ccc(C(F)(F)F)cc2)c2cncs2)CC1,87.9,0
MYOS_00096_00_01,CN(C)C(=O)NC1CCN(C(c2ccc(Cl)cc2)c2cccnc2)CC1,104.6,0
MYOS_00208_00_01,COc1ccc(/C=C/C(=O)N2CCCC2=O)cc1,56.0,0
MYOS_00318_00_01,FC(F)(F)c1cc(Nc2nc(-c3ccccn3)cs2)ccc1Cl,42.6,0
MYOS_00373_00_01,Clc1ccccc1C(c1ccccc1)(c1ccccc1)n1ccnc1,16.5,1
MYOS_00429_00_01,Cc1ccnc(Nc2nc(-c3ccc([N+](=O)[O-])cc3)cs2)c1,99.0,0
MYOS_00141_00_01,Fc1cc(Cl)ccc1C(c1cccnc1)n1cccn1,63.6,0
MYOS_00225_00_01,COc1cc(/C=C/c2ccc(OCCCCCCC(=O)NO)cc2)cc(OC)c1,5.6,1
MYOS_00005_00_01,OC(c1ccc(C(F)(F)F)cc1)(c1cccnc1)c1ccc(Br)cc1F,51.1,0
MYOS_00351_00_01,CC1=C[C@H]2C(C(C)C)C[C@@H]1C[C@H]2C1OCCO1,12.2,1
MYOS_00068_00_01,O=C(c1ccccc1)N1CCN(C(c2cccnc2)c2ccc(Cl)cc2F)CC1,30.8,0
MYOS_00411_00_01,COc1c(Br)cc(/C=C/C(=O)N2CCCCC2=O)cc1Br,62.1,0
MYOS_00378_00_01,O=C1C=Cc2ccccc2C1=O,11.5,1
MYOS_00089_00_01,O=S(=O)(Cc1ccccc1)N1CCN(C(c2ccc(Cl)cc2)c2cncnc2)CC1,68.7,0
MYOS_00387_00_01,CN/C(=N\C#N)NCCSCc1c[nH]cn1,95.9,0
MYOS_00345_00_01,CC1=CCC(/C=C/C(C)C(C)O)C1(C)C,18.9,1
MYOS_00188_00_01,COc1ccc(-c2csc(Nc3cc(C)ccn3)n2)cc1,49.1,0
MYOS_00063_00_01,CC(C)(O)CN1CCC(N(c2ccc(C#N)cc2)c2cccnc2)CC1,73.0,0
MYOS_00147_00_01,Fc1cc(Cl)ccc1C(NCc1ccccc1)c1cccnc1,7.9,1
MYOS_00352_00_01,CC1(C)C2C(=O)CCC(C)(C)[C@]23CC[C@H]1C3,5.7,1
MYOS_00311_00_01,COc1ccc(CNC(c2cccnc2)c2ccc(Cl)cc2F)cc1,41.3,0
MYOS_00383_00_01,C1=C\CC/C=C\CC/1,114.2,0
MYOS_00206_00_01,Fc1cc(Cl)ccc1C(NCCN1CCCC1)c1cccnc1,23.8,0
MYOS_00257_00_01,C=C1C[C@]23C[C@@]1(O)CC[C@H]2[C@@]12C=C[C@H](O)[C@](C)(C(=O)O1)[C@H]2[C@@H]3C(=O)O,74.8,0
MYOS_00091_00_01,CC(=O)NC1CCN(C(c2cnccn2)c2ccc(F)cc2F)CC1,87.3,0
MYOS_00316_00_01,FC(F)(F)c1ccc(Nc2nc(-c3ccccn3)cs2)cc1,46.7,0
MYOS_00140_00_01,CN(C)CCN1CCN(C(c2cccnc2)c2ccc(Cl)cc2F)CC1,92.0,0
MYOS_00094_00_01,CC(C)(C)NC(=O)N1CCC(NC(c2ccc(Cl)cc2)c2cccnc2)CC1,87.7,0
MYOS_00107_00_01,O=C(NC1CC1)N1CCN(C(c2cncnc2)c2ccc(C(F)(F)F)cc2F)CC1,93.1,0
MYOS_00344_00_01,O=CCC/C=C1\CC2CC1C1CCCC21,21.5,0
MYOS_00197_00_01,N#Cc1cccc(N2CCN(C(c3cccnc3)c3ccc(Cl)cc3F)CC2)c1,7.4,1
MYOS_00053_00_01,O=C(c1cscn1)N1CCC(NC(c2cccnc2)c2ccc(Cl)cc2F)CC1,85.9,0
MYOS_00313_00_01,Fc1cc(Cl)ccc1C(c1cccnc1)N1CCN(c2ccccc2F)CC1,38.3,0
MYOS_00127_00_01,N#Cc1ccc(C(C(=O)N2CCN(c3ccc(C(F)(F)F)nc3)CC2)c2cccnc2)cc1,96.9,0
MYOS_00452_00_01,OC(c1cccnc1)(c1ccc(Cl)cc1F)C1CCCC1,13.1,1
MYOS_00392_00_01,O=C(Cc1ccccc1)Nc1nc2ccc(Br)cc2o1,4.1,1
MYOS_00459_00_01,O=C(Nc1ccc(S(F)(F)(F)(F)F)cc1)c1cc(Cl)ccc1O,12.7,1
MYOS_00130_00_01,CCCCC(O)(c1ccc(Br)cc1)c1cccnc1,3.0,1
MYOS_00104_00_01,CS(=O)(=O)NC1CCN(C(c2cccnc2)c2ccc(Cl)cc2F)CC1,88.2,0
MYOS_00339_00_01,Cc1ccc(CC(=O)Nc2nc3cc(Cl)ccc3o2)cc1,4.5,1
MYOS_00128_00_01,O=C(c1ccccc1)N1CCC(N(c2ccc(Cl)cc2)c2cccnc2)CC1,51.5,0
MYOS_00034_00_01,Fc1cc(Cl)ccc1C(c1cccnc1)N1CCN(c2ccncc2)CC1,94.8,0
MYOS_00326_00_01,O=C(Cc1cccc(Cl)c1)Nc1nc2cc(Cl)ccc2o1,6.1,1
MYOS_00018_00_01,OC(c1ccc(C(F)(F)F)cc1)(c1ccc(C(F)(F)F)cc1)c1cc2ccccc2[nH]1,-4.8,1
MYOS_00460_04_01,CCCCCCCCCCCCCCCC[n+]1ccccc1,7.9,1
MYOS_00092_00_01,O=C(NC1CCN(C(c2ccc(C(F)(F)F)cc2)c2cnccn2)CC1)c1ccc(C(F)(F)F)cc1,82.4,0
MYOS_00315_00_01,Fc1ccc(Nc2nc(-c3ccccn3)cs2)cc1,4.9,1
MYOS_00178_00_01,Cc1ccnc(Nc2nc(-c3ccccc3)cs2)c1,62.8,0
MYOS_00226_00_01,O=C1CC(=O)c2ccccc2C1=O,84.7,0
MYOS_00173_00_01,OC(Cc1ccccc1)(c1cccnc1)c1ccc(Br)cc1F,67.4,0
MYOS_00382_00_01,CC(C)(C)C1CCC(CC2C(=O)C(=O)c3ccccc3C2=O)CC1,63.8,0
MYOS_00458_00_01,O=C(Nc1cccc(S(F)(F)(F)(F)F)c1)c1cc(Cl)ccc1O,12.7,1
MYOS_00349_00_01,CC1(C)CCC2O[C@]23C(C)(C)[C@H]2CC[C@@]13C2,40.9,0
MYOS_00309_00_01,Cc1ccc(-c2csc(Nc3cc(C)ccn3)n2)cc1,92.1,0
MYOS_00395_00_01,O=C(Nc1nc2cc(Br)ccc2o1)C1CCCC1,63.8,0
MYOS_00202_00_01,Clc1ccc(C(Cc2cccnc2)=NOCc2ccccc2)c(Cl)c1,4.6,1
MYOS_00462_04_01,CCCCCCCCCCCCCCCC[n+]1ccc(C)cc1,18.4,1
MYOS_00247_00_01,COc1ccc(-c2ocnc2-c2cc(Br)c(OC)c(OC)c2)cc1OCCCC(=O)NO,76.7,0
MYOS_00234_00_01,CCOC(=O)N1CCN(C(c2cccnc2)C2C(=O)C(=O)c3ccccc3C2=O)CC1,54.8,0
MYOS_00168_00_01,OC(c1ccccc1)(c1ccccc1)c1cccnc1,4.8,1
MYOS_00408_00_01,COc1ccc(/C=C/C(=O)N2CCCC2=O)cc1OC,75.0,0
MYOS_00389_00_01,COc1cc(/C=N/NC(=O)c2cccc(F)c2)cc(I)c1O,192.1,0
MYOS_00065_00_01,CC(C)(C)OC(=O)N1CCN(C(=O)C(c2ccc(C#N)cc2)c2cccnc2)CC1,86.7,0
MYOS_00185_00_01,Cc1ccnc(Nc2nc(-c3ccc(F)cc3)cs2)c1,48.5,0
MYOS_00013_00_01,O=C(C1CC1)N1CCN(C(c2cccnc2)c2ccc(Cl)cc2F)CC1,16.9,1
MYOS_00186_00_01,COc1ccccc1-c1csc(Nc2cc(C)ccn2)n1,36.8,0
MYOS_00243_00_01,CC1(C)C2CC[C@]3(C)C(C(=O)C=C4C5C[C@@](C)(C(=O)OCc6c(F)c(F)c(F)c(F)c6F)CC[C@]5(C)CC[C@]43C)[C@@]2(C)CC[C@@H]1O,54.7,0
MYOS_00245_00_01,c1ccc2c(Cc3c[nH]c4ccccc34)c[nH]c2c1,7.5,1
MYOS_00090_00_01,O=S(=O)(c1ccc(Cl)cc1)N1CCN(C(c2ccc(Cl)cc2)c2cncnc2)CC1,85.8,0
MYOS_00172_00_01,OC(Cc1ccccc1)(c1ccccc1)c1cccnc1,82.5,0
MYOS_00388_00_01,O=C(N/N=C/c1ccc(O)c(O)c1)c1cc2ccccc2cc1O,100.3,0
