Identifier,SMILES,Growth_25uM,bin
MYOS_00225_00_01,COc1cc(/C=C/c2ccc(OCCCCCCC(=O)NO)cc2)cc(OC)c1,5.6,1
MYOS_00220_00_01,COc1cc(/C=C/C(=O)CC(=O)/C=C/c2ccc(O)c(OC)c2)ccc1O,76.2,0
MYOS_00404_00_01,COc1cccc(CC(=O)Nc2nc3cc(Cl)ccc3o2)c1,2.6,1
MYOS_00065_00_01,CC(C)(C)OC(=O)N1CCN(C(=O)C(c2ccc(C#N)cc2)c2cccnc2)CC1,86.7,0
MYOS_00246_00_01,Fc1c(F)c(F)c(C(c2c[nH]c3ccccc23)c2c[nH]c3ccccc23)c(F)c1F,10.0,1
MYOS_00043_00_01,O=C(NCCN1CCOCC1)c1cccc(C(O)(c2ccc(Cl)cc2)c2cccnc2)c1,92.9,0
MYOS_00360_00_01,C=CCCC(=O)C1=CCCC2(CCCC2)C1,8.2,1
MYOS_00344_00_01,O=CCC/C=C1\CC2CC1C1CCCC21,21.5,0
MYOS_00052_00_01,Cc1cc(C(=O)NC2CCN(C(c3cncnc3)c3ccc(Cl)cc3F)CC2)[nH]n1,83.0,0
MYOS_00361_00_01,C/C=C/c1cc(C(C)C)ccc1C,5.4,1
MYOS_00012_00_01,OC(c1ccc(Cl)cc1)(c1cccnc1)c1ccccc1Br,11.4,1
MYOS_00336_00_01,CC(C)(C)c1ccc(CC(=O)Nc2nc3cc(Br)ccc3o2)cc1,71.2,0
MYOS_00113_00_01,Fc1cc(Cl)ccc1C(NC1CCN(c2ccc(Cl)cc2)CC1)c1cccnc1,54.8,0
MYOS_00407_00_01,COc1ccc(/C=C/C(=O)N2CCCCC2=O)cc1OC,83.5,0
MYOS_00149_00_01,Fc1cc(Cl)ccc1C(c1cccnc1)N1CC2CCC(C1)O2,52.3,0
MYOS_00457_00_01,O=C(Nc1ccc(SC(F)(F)F)cc1)c1cc(Cl)ccc1O,14.5,1
MYOS_00356_00_01,CC1=CCCC2(C)C(OC=O)C(C)CCC12C,16.5,1
MYOS_00409_00_01,COc1ccc(/C=C/C(=O)N2CCCCC2=O)cc1Br,64.5,0
MYOS_00378_00_01,O=C1C=Cc2ccccc2C1=O,11.5,1
MYOS_00369_00_01,C=CCc1ccc(O)c(-c2cc(CC=C)ccc2O)c1,12.7,1
MYOS_00208_00_01,COc1ccc(/C=C/C(=O)N2CCCC2=O)cc1,56.0,0
MYOS_00342_00_01,O=C1CCCCCCC/C=C/CCCCCCO1,36.7,0
MYOS_00015_00_01,COC(=O)N1CCN(C(c2cccnc2)c2ccc(Cl)cc2F)CC1,10.2,1
MYOS_00237_00_01,N#CC1=C(N)Oc2c(oc(CO)cc2=O)C1c1cccnc1,75.6,0
MYOS_00053_00_01,O=C(c1cscn1)N1CCC(NC(c2cccnc2)c2ccc(Cl)cc2F)CC1,85.9,0
MYOS_00392_00_01,O=C(Cc1ccccc1)Nc1nc2ccc(Br)cc2o1,4.1,1
MYOS_00232_00_01,O=C1C=CC(=O)c2c(O)ccc(O)c21,7.4,1
MYOS_00365_00_01,C=CCc1ccc(OC)cc1,6.0,1
MYOS_00244_00_01,CC1(C)C2CC[C@]3(C)C(C(=O)C=C4C5C[C@@](C)(C(=O)OCc6ccc7ccccc7c6)CC[C@]5(C)CC[C@]43C)[C@@]2(C)CC[C@@H]1O,59.3,0
MYOS_00329_00_01,O=C(CC1CCCCC1)Nc1nc2cc(Cl)ccc2o1,72.5,0
MYOS_00224_00_01,COc1cc(/C=C/c2ccc(O)cc2)cc(OC)c1,80.9,0
MYOS_00401_00_01,O=C(Nc1nc2ccc(Br)cc2o1)C1CCOCC1,74.6,0
MYOS_00181_00_01,Cc1ccnc(Nc2nc(-c3cccc(Cl)c3)cs2)c1,77.5,0
MYOS_00045_00_01,O=S(=O)(c1ccc(C(F)(F)F)cc1)N1CCC(NC(c2cnccn2)c2ccc(F)cc2F)CC1,66.1,0
MYOS_00178_00_01,Cc1ccnc(Nc2nc(-c3ccccc3)cs2)c1,62.8,0
MYOS_00235_00_01,CC(C)(C)OC(=O)N1CCN(C(c2cccnc2)C2C(=O)C(=O)c3ccccc3C2=O)CC1,79.6,0
MYOS_00206_00_01,Fc1cc(Cl)ccc1C(NCCN1CCCC1)c1cccnc1,23.8,0
MYOS_00143_00_01,CC(C)(C)OC(=O)N1CC(OC(c2cccnc2)c2ccc(Cl)cc2F)C1,74.2,0
MYOS_00399_00_01,CC(C(=O)Nc1nc2ccc(Br)cc2o1)c1ccccc1,2.4,1
MYOS_00054_00_01,CS(=O)(=O)N1CCN(C(c2ccc(C(F)(F)F)cc2)c2cncnc2)CC1,93.0,0
MYOS_00393_00_01,O=C(Nc1nc2ccc(Br)cc2o1)C1CCCCC1,4.4,1
MYOS_00230_00_01,COc1cc(C2C(C#N)=C(N)OC3=C2C(=O)c2ccccc2C3=O)cc(Br)c1OC,67.3,0
MYOS_00058_00_01,O=C(c1ccccc1)N1CCC(NC(c2ccc(C(F)(F)F)cc2)c2cncs2)CC1,87.9,0
MYOS_00004_00_01,O=C(C(c1ccc(Cl)cc1)c1cccnc1)N1CCN(c2ccc(C(F)(F)F)cc2)CC1,-1.5,1
MYOS_00132_00_01,OC1(c2cccnc2)c2ccccc2-c2ccccc21,79.2,0
MYOS_00313_00_01,Fc1cc(Cl)ccc1C(c1cccnc1)N1CCN(c2ccccc2F)CC1,38.3,0
MYOS_00367_00_01,C=CCOc1ccc(CC=C)cc1OC,11.4,1
MYOS_00100_00_01,O=C(NC1CCN(C(c2ccc(Cl)cc2)c2cncnc2)CC1)C1CC1,77.3,0
MYOS_00362_00_01,CC(=O)O[C@@]12CCC[C@@](C)(CCC3C1CC3(C)C)C2,9.7,1
MYOS_00372_00_01,C=C[C@@](C)(/C=C/c1ccc(O)cc1)CCC=C(C)C,18.5,1
MYOS_00066_00_01,O=C(c1ccc(Cl)cc1)N1CCN(C(=O)C(c2ccc(Cl)cc2)c2cccnc2)CC1,69.6,0
MYOS_00165_00_01,OC1(c2ccccc2)c2ccccc2-c2ccccc21,83.2,0
MYOS_00406_00_01,O=C(Nc1nc2cc(Cl)ccc2o1)C(c1ccccc1)c1ccccc1,59.7,0
MYOS_00323_00_01,CON=C(Cc1ccccc1)c1ccccc1,66.0,0
MYOS_00412_00_01,COc1c(Br)cc(/C=C/C(=O)N2CCCC2=O)cc1Br,66.1,0
MYOS_00182_00_01,Cc1ccnc(Nc2nc(-c3ccc(Cl)cc3)cs2)c1,65.7,0
MYOS_00148_00_01,CN(Cc1ccccc1)C(c1cccnc1)c1ccc(Cl)cc1F,6.2,1
MYOS_00397_00_01,O=C(Cc1ccc(Cl)cc1)Nc1nc2cc(Br)ccc2o1,13.9,1
MYOS_00177_00_01,Cc1ccnc(Nc2nc(-c3cccnc3)cs2)c1,44.3,0
MYOS_00333_00_01,O=C(Cc1cccc(Cl)c1)Nc1nc2cc(Br)ccc2o1,4.6,1
MYOS_00405_00_01,COc1cccc(CC(=O)Nc2nc3cc(Br)ccc3o2)c1,1.1,1
MYOS_00134_00_01,O=C(c1ccc(Cl)cc1)c1ccc(Br)cc1,69.0,0
MYOS_00346_00_01,CCOC(=O)C1=C(C)C=CCC1(C)C,7.2,1
MYOS_00316_00_01,FC(F)(F)c1ccc(Nc2nc(-c3ccccn3)cs2)cc1,46.7,0
MYOS_00242_00_01,CC1(C)C2CC[C@]3(C)C(C(=O)C=C4C5C[C@@](C)(C(=O)O)CC[C@]5(C)CC[C@]43C)[C@@]2(C)CC[C@@H]1O,59.9,0
MYOS_00145_00_01,CN(c1ccccc1)C(c1cccnc1)c1ccc(Cl)cc1F,8.1,1
MYOS_00037_00_01,Cn1cccc1C(O)(c1ccc(Cl)cc1)c1ccc(Cl)cc1,45.5,0
MYOS_00216_00_01,COc1cc(/C=C/C(=O)N2CCCC2=O)cc(I)c1OC,56.7,0
MYOS_00084_00_01,CC(C)CS(=O)(=O)NC(c1ccc(C(F)(F)F)cc1)c1cnccn1,85.2,0
MYOS_00233_00_01,CC1=C/C(=N\NC(=O)/C=C/c2ccccc2)c2c(O)cccc2C1=O,72.2,0
MYOS_00381_00_01,FC(F)(F)c1ccc(CNc2[nH]nc(-c3ccccn3)c2C2CC2)cc1,47.9,0
MYOS_00094_00_01,CC(C)(C)NC(=O)N1CCC(NC(c2ccc(Cl)cc2)c2cccnc2)CC1,87.7,0
MYOS_00017_00_01,NC(c1ccc(Cl)cc1)(c1cccnc1)c1ccccc1Br,6.3,1
MYOS_00169_00_01,CCC(O)(c1ccccc1)c1cccnc1,42.8,0
MYOS_00024_00_01,Fc1cc(Cl)ccc1C(c1cccnc1)N1CCOCC1,115.5,0
MYOS_00040_00_01,CC(=O)NC(c1ccc(C(F)(F)F)cc1)c1cnccn1,96.6,0
MYOS_00213_00_01,COc1cc(/C=C/C(=O)N2CCCCC2=O)cc(Br)c1OC,50.4,0
